{
  "model_type": "lof",
  "auc": 0.6701999999999999,
  "pauc": 0.306,
  "accuracy": 0.565,
  "optimal_threshold": -0.35302841663360596
}